﻿<?xml version="1.0" encoding="utf-8"?>
<TextureAtlas imagePath="bfPixel.png">
	<!-- Created with Adobe Animate version 20.0.0.17400 -->
	<!-- http://www.adobe.com/products/animate.html -->
	<SubTexture name="BF DOWN MISS instance 10000" x="73" y="219" width="73" height="73"/>
	<SubTexture name="BF DOWN MISS instance 10001" x="146" y="219" width="73" height="73"/>
	<SubTexture name="BF DOWN MISS instance 10002" x="292" y="219" width="73" height="73"/>
	<SubTexture name="BF DOWN MISS instance 10003" x="292" y="219" width="73" height="73"/>
	<SubTexture name="BF DOWN MISS instance 10004" x="292" y="219" width="73" height="73"/>
	<SubTexture name="BF DOWN MISS instance 10005" x="292" y="219" width="73" height="73"/>
	<SubTexture name="BF DOWN MISS instance 10006" x="292" y="219" width="73" height="73"/>
	<SubTexture name="BF DOWN MISS instance 10007" x="292" y="219" width="73" height="73"/>
	<SubTexture name="BF DOWN MISS instance 10008" x="292" y="219" width="73" height="73"/>
	<SubTexture name="BF DOWN MISS instance 10009" x="292" y="219" width="73" height="73"/>
	<SubTexture name="BF DOWN MISS instance 10010" x="292" y="219" width="73" height="73"/>
	<SubTexture name="BF DOWN MISS instance 10011" x="292" y="219" width="73" height="73"/>
	<SubTexture name="BF DOWN MISS instance 10012" x="292" y="219" width="73" height="73"/>
	<SubTexture name="BF DOWN MISS instance 10013" x="292" y="219" width="73" height="73"/>
	
	<SubTexture name="BF DOWN NOTE instance 10000" x="219" y="0" width="73" height="73"/>
	<SubTexture name="BF DOWN NOTE instance 10001" x="292" y="0" width="73" height="73"/>
	<SubTexture name="BF DOWN NOTE instance 10002" x="365" y="0" width="73" height="73"/>
	<SubTexture name="BF DOWN NOTE instance 10003" x="0" y="73" width="73" height="73"/>
	<SubTexture name="BF DOWN NOTE instance 10004" x="0" y="73" width="73" height="73"/>
	<SubTexture name="BF DOWN NOTE instance 10005" x="0" y="73" width="73" height="73"/>
	<SubTexture name="BF DOWN NOTE instance 10006" x="0" y="73" width="73" height="73"/>
	<SubTexture name="BF DOWN NOTE instance 10007" x="0" y="73" width="73" height="73"/>
	<SubTexture name="BF DOWN NOTE instance 10008" x="0" y="73" width="73" height="73"/>
	<SubTexture name="BF DOWN NOTE instance 10009" x="0" y="73" width="73" height="73"/>
	<SubTexture name="BF DOWN NOTE instance 10010" x="0" y="73" width="73" height="73"/>
	<SubTexture name="BF DOWN NOTE instance 10011" x="0" y="73" width="73" height="73"/>
	<SubTexture name="BF DOWN NOTE instance 10012" x="0" y="73" width="73" height="73"/>
	<SubTexture name="BF DOWN NOTE instance 10013" x="0" y="73" width="73" height="73"/>
	
	<SubTexture name="BF IDLE instance 10000" x="0" y="0" width="73" height="73"/>
	<SubTexture name="BF IDLE instance 10001" x="0" y="0" width="73" height="73"/>
	<SubTexture name="BF IDLE instance 10002" x="0" y="0" width="73" height="73"/>
	<SubTexture name="BF IDLE instance 10003" x="73" y="0" width="73" height="73"/>
	<SubTexture name="BF IDLE instance 10004" x="73" y="0" width="73" height="73"/>
	<SubTexture name="BF IDLE instance 10005" x="73" y="0" width="73" height="73"/>
	<SubTexture name="BF IDLE instance 10006" x="146" y="0" width="73" height="73"/>
	<SubTexture name="BF IDLE instance 10007" x="146" y="0" width="73" height="73"/>
	<SubTexture name="BF IDLE instance 10008" x="146" y="0" width="73" height="73"/>
	<SubTexture name="BF IDLE instance 10009" x="146" y="0" width="73" height="73"/>
	<SubTexture name="BF IDLE instance 10010" x="146" y="0" width="73" height="73"/>
	<SubTexture name="BF IDLE instance 10011" x="146" y="0" width="73" height="73"/>
	<SubTexture name="BF IDLE instance 10012" x="146" y="0" width="73" height="73"/>
	<SubTexture name="BF IDLE instance 10013" x="146" y="0" width="73" height="73"/>
	
	<SubTexture name="BF LEFT MISS instance 10000" x="292" y="292" width="73" height="73"/>
	<SubTexture name="BF LEFT MISS instance 10001" x="365" y="292" width="73" height="73"/>
	<SubTexture name="BF LEFT MISS instance 10002" x="0" y="365" width="73" height="73"/>
	<SubTexture name="BF LEFT MISS instance 10003" x="0" y="365" width="73" height="73"/>
	<SubTexture name="BF LEFT MISS instance 10004" x="0" y="365" width="73" height="73"/>
	<SubTexture name="BF LEFT MISS instance 10005" x="0" y="365" width="73" height="73"/>
	<SubTexture name="BF LEFT MISS instance 10006" x="0" y="365" width="73" height="73"/>
	<SubTexture name="BF LEFT MISS instance 10007" x="0" y="365" width="73" height="73"/>
	<SubTexture name="BF LEFT MISS instance 10008" x="0" y="365" width="73" height="73"/>
	<SubTexture name="BF LEFT MISS instance 10009" x="0" y="365" width="73" height="73"/>
	<SubTexture name="BF LEFT MISS instance 10010" x="0" y="365" width="73" height="73"/>
	<SubTexture name="BF LEFT MISS instance 10011" x="0" y="365" width="73" height="73"/>
	<SubTexture name="BF LEFT MISS instance 10012" x="0" y="365" width="73" height="73"/>
	<SubTexture name="BF LEFT MISS instance 10013" x="0" y="365" width="73" height="73"/>
	
	<SubTexture name="BF LEFT NOTE instance 10000" x="219" y="146" width="73" height="73"/>
	<SubTexture name="BF LEFT NOTE instance 10001" x="292" y="146" width="73" height="73"/>
	<SubTexture name="BF LEFT NOTE instance 10002" x="365" y="146" width="73" height="73"/>
	<SubTexture name="BF LEFT NOTE instance 10003" x="0" y="219" width="73" height="73"/>
	<SubTexture name="BF LEFT NOTE instance 10004" x="0" y="219" width="73" height="73"/>
	<SubTexture name="BF LEFT NOTE instance 10005" x="0" y="219" width="73" height="73"/>
	<SubTexture name="BF LEFT NOTE instance 10006" x="0" y="219" width="73" height="73"/>
	<SubTexture name="BF LEFT NOTE instance 10007" x="0" y="219" width="73" height="73"/>
	<SubTexture name="BF LEFT NOTE instance 10008" x="0" y="219" width="73" height="73"/>
	<SubTexture name="BF LEFT NOTE instance 10009" x="0" y="219" width="73" height="73"/>
	<SubTexture name="BF LEFT NOTE instance 10010" x="0" y="219" width="73" height="73"/>
	<SubTexture name="BF LEFT NOTE instance 10011" x="0" y="219" width="73" height="73"/>
	<SubTexture name="BF LEFT NOTE instance 10012" x="0" y="219" width="73" height="73"/>
	<SubTexture name="BF LEFT NOTE instance 10013" x="0" y="219" width="73" height="73"/>
	
	<SubTexture name="BF RIGHT MISS instance 10000" x="292" y="219" width="73" height="73"/>
	<SubTexture name="BF RIGHT MISS instance 10001" x="365" y="219" width="73" height="73"/>
	<SubTexture name="BF RIGHT MISS instance 10002" x="0" y="292" width="73" height="73"/>
	<SubTexture name="BF RIGHT MISS instance 10003" x="0" y="292" width="73" height="73"/>
	<SubTexture name="BF RIGHT MISS instance 10004" x="0" y="292" width="73" height="73"/>
	<SubTexture name="BF RIGHT MISS instance 10005" x="0" y="292" width="73" height="73"/>
	<SubTexture name="BF RIGHT MISS instance 10006" x="0" y="292" width="73" height="73"/>
	<SubTexture name="BF RIGHT MISS instance 10007" x="0" y="292" width="73" height="73"/>
	<SubTexture name="BF RIGHT MISS instance 10008" x="0" y="292" width="73" height="73"/>
	<SubTexture name="BF RIGHT MISS instance 10009" x="0" y="292" width="73" height="73"/>
	<SubTexture name="BF RIGHT MISS instance 10010" x="0" y="292" width="73" height="73"/>
	<SubTexture name="BF RIGHT MISS instance 10011" x="0" y="292" width="73" height="73"/>
	<SubTexture name="BF RIGHT MISS instance 10012" x="0" y="292" width="73" height="73"/>
	<SubTexture name="BF RIGHT MISS instance 10013" x="0" y="292" width="73" height="73"/>
	
	<SubTexture name="BF RIGHT NOTE instance 10000" x="73" y="73" width="73" height="73"/>
	<SubTexture name="BF RIGHT NOTE instance 10001" x="146" y="73" width="73" height="73"/>
	<SubTexture name="BF RIGHT NOTE instance 10002" x="219" y="73" width="73" height="73"/>
	<SubTexture name="BF RIGHT NOTE instance 10003" x="292" y="73" width="73" height="73"/>
	<SubTexture name="BF RIGHT NOTE instance 10004" x="292" y="73" width="73" height="73"/>
	<SubTexture name="BF RIGHT NOTE instance 10005" x="292" y="73" width="73" height="73"/>
	<SubTexture name="BF RIGHT NOTE instance 10006" x="292" y="73" width="73" height="73"/>
	<SubTexture name="BF RIGHT NOTE instance 10007" x="292" y="73" width="73" height="73"/>
	<SubTexture name="BF RIGHT NOTE instance 10008" x="292" y="73" width="73" height="73"/>
	<SubTexture name="BF RIGHT NOTE instance 10009" x="292" y="73" width="73" height="73"/>
	<SubTexture name="BF RIGHT NOTE instance 10010" x="292" y="73" width="73" height="73"/>
	<SubTexture name="BF RIGHT NOTE instance 10011" x="292" y="73" width="73" height="73"/>
	<SubTexture name="BF RIGHT NOTE instance 10012" x="292" y="73" width="73" height="73"/>
	<SubTexture name="BF RIGHT NOTE instance 10013" x="292" y="73" width="73" height="73"/>
	
	<SubTexture name="BF UP MISS instance 10000" x="73" y="292" width="73" height="73"/>
	<SubTexture name="BF UP MISS instance 10001" x="146" y="292" width="73" height="73"/>
	<SubTexture name="BF UP MISS instance 10002" x="219" y="292" width="73" height="73"/>
	<SubTexture name="BF UP MISS instance 10003" x="219" y="292" width="73" height="73"/>
	<SubTexture name="BF UP MISS instance 10004" x="219" y="292" width="73" height="73"/>
	<SubTexture name="BF UP MISS instance 10005" x="219" y="292" width="73" height="73"/>
	<SubTexture name="BF UP MISS instance 10006" x="219" y="292" width="73" height="73"/>
	<SubTexture name="BF UP MISS instance 10007" x="219" y="292" width="73" height="73"/>
	<SubTexture name="BF UP MISS instance 10008" x="219" y="292" width="73" height="73"/>
	<SubTexture name="BF UP MISS instance 10009" x="219" y="292" width="73" height="73"/>
	<SubTexture name="BF UP MISS instance 10010" x="219" y="292" width="73" height="73"/>
	<SubTexture name="BF UP MISS instance 10011" x="219" y="292" width="73" height="73"/>
	<SubTexture name="BF UP MISS instance 10012" x="219" y="292" width="73" height="73"/>
	<SubTexture name="BF UP MISS instance 10013" x="219" y="292" width="73" height="73"/>
	
	<SubTexture name="BF UP NOTE instance 10000" x="365" y="73" width="73" height="73"/>
	<SubTexture name="BF UP NOTE instance 10001" x="0" y="146" width="73" height="73"/>
	<SubTexture name="BF UP NOTE instance 10002" x="73" y="146" width="73" height="73"/>
	<SubTexture name="BF UP NOTE instance 10003" x="146" y="146" width="73" height="73"/>
	<SubTexture name="BF UP NOTE instance 10004" x="146" y="146" width="73" height="73"/>
	<SubTexture name="BF UP NOTE instance 10005" x="146" y="146" width="73" height="73"/>
	<SubTexture name="BF UP NOTE instance 10006" x="146" y="146" width="73" height="73"/>
	<SubTexture name="BF UP NOTE instance 10007" x="146" y="146" width="73" height="73"/>
	<SubTexture name="BF UP NOTE instance 10008" x="146" y="146" width="73" height="73"/>
	<SubTexture name="BF UP NOTE instance 10009" x="146" y="146" width="73" height="73"/>
	<SubTexture name="BF UP NOTE instance 10010" x="146" y="146" width="73" height="73"/>
	<SubTexture name="BF UP NOTE instance 10011" x="146" y="146" width="73" height="73"/>
	<SubTexture name="BF UP NOTE instance 10012" x="146" y="146" width="73" height="73"/>
	<SubTexture name="BF UP NOTE instance 10013" x="146" y="146" width="73" height="73"/>
</TextureAtlas>
