﻿<?xml version="1.0" encoding="utf-8"?>
<TextureAtlas imagePath="bfPixelsDEAD.png">
	<!-- Created with Adobe Animate version 20.0.0.17400 -->
	<!-- http://www.adobe.com/products/animate.html -->
	<SubTexture name="BF Dies pixel0000" x="0" y="0" width="256" height="144"/>
	<SubTexture name="BF Dies pixel0001" x="256" y="0" width="256" height="144"/>
	<SubTexture name="BF Dies pixel0002" x="512" y="0" width="256" height="144"/>
	<SubTexture name="BF Dies pixel0003" x="768" y="0" width="256" height="144"/>
	<SubTexture name="BF Dies pixel0004" x="1024" y="0" width="256" height="144"/>
	<SubTexture name="BF Dies pixel0005" x="1280" y="0" width="256" height="144"/>
	<SubTexture name="BF Dies pixel0006" x="1536" y="0" width="256" height="144"/>
	<SubTexture name="BF Dies pixel0007" x="1792" y="0" width="256" height="144"/>
	<SubTexture name="BF Dies pixel0008" x="0" y="144" width="256" height="144"/>
	<SubTexture name="BF Dies pixel0009" x="256" y="144" width="256" height="144"/>
	<SubTexture name="BF Dies pixel0010" x="512" y="144" width="256" height="144"/>
	<SubTexture name="BF Dies pixel0011" x="768" y="144" width="256" height="144"/>
	<SubTexture name="BF Dies pixel0012" x="1024" y="144" width="256" height="144"/>
	<SubTexture name="BF Dies pixel0013" x="1280" y="144" width="256" height="144"/>
	<SubTexture name="BF Dies pixel0014" x="1536" y="144" width="256" height="144"/>
	<SubTexture name="BF Dies pixel0015" x="1792" y="144" width="256" height="144"/>
	<SubTexture name="BF Dies pixel0016" x="0" y="288" width="256" height="144"/>
	<SubTexture name="BF Dies pixel0017" x="256" y="288" width="256" height="144"/>
	<SubTexture name="BF Dies pixel0018" x="512" y="288" width="256" height="144"/>
	<SubTexture name="BF Dies pixel0019" x="768" y="288" width="256" height="144"/>
	<SubTexture name="BF Dies pixel0020" x="1024" y="288" width="256" height="144"/>
	<SubTexture name="BF Dies pixel0021" x="1280" y="288" width="256" height="144"/>
	<SubTexture name="BF Dies pixel0022" x="1536" y="288" width="256" height="144"/>
	<SubTexture name="BF Dies pixel0023" x="1792" y="288" width="256" height="144"/>
	<SubTexture name="BF Dies pixel0024" x="0" y="432" width="256" height="144"/>
	<SubTexture name="BF Dies pixel0025" x="256" y="432" width="256" height="144"/>
	<SubTexture name="BF Dies pixel0026" x="512" y="432" width="256" height="144"/>
	<SubTexture name="BF Dies pixel0027" x="768" y="432" width="256" height="144"/>
	<SubTexture name="BF Dies pixel0028" x="1024" y="432" width="256" height="144"/>
	<SubTexture name="BF Dies pixel0029" x="1280" y="432" width="256" height="144"/>
	<SubTexture name="BF Dies pixel0030" x="1536" y="432" width="256" height="144"/>
	<SubTexture name="BF Dies pixel0031" x="1792" y="432" width="256" height="144"/>
	<SubTexture name="BF Dies pixel0032" x="0" y="576" width="256" height="144"/>
	<SubTexture name="BF Dies pixel0033" x="256" y="576" width="256" height="144"/>
	<SubTexture name="BF Dies pixel0034" x="512" y="576" width="256" height="144"/>
	<SubTexture name="BF Dies pixel0035" x="768" y="576" width="256" height="144"/>
	<SubTexture name="BF Dies pixel0036" x="1024" y="576" width="256" height="144"/>
	<SubTexture name="BF Dies pixel0037" x="1280" y="576" width="256" height="144"/>
	<SubTexture name="BF Dies pixel0038" x="1536" y="576" width="256" height="144"/>
	<SubTexture name="BF Dies pixel0039" x="1792" y="576" width="256" height="144"/>
	<SubTexture name="BF Dies pixel0040" x="0" y="720" width="256" height="144"/>
	<SubTexture name="BF Dies pixel0041" x="256" y="720" width="256" height="144"/>
	<SubTexture name="BF Dies pixel0042" x="512" y="720" width="256" height="144"/>
	<SubTexture name="BF Dies pixel0043" x="768" y="720" width="256" height="144"/>
	<SubTexture name="BF Dies pixel0044" x="1024" y="720" width="256" height="144"/>
	<SubTexture name="BF Dies pixel0045" x="1280" y="720" width="256" height="144"/>
	<SubTexture name="BF Dies pixel0046" x="1536" y="720" width="256" height="144"/>
	<SubTexture name="BF Dies pixel0047" x="1792" y="720" width="256" height="144"/>
	<SubTexture name="BF Dies pixel0048" x="0" y="864" width="256" height="144"/>
	<SubTexture name="BF Dies pixel0049" x="256" y="864" width="256" height="144"/>
	<SubTexture name="BF Dies pixel0050" x="512" y="864" width="256" height="144"/>
	<SubTexture name="BF Dies pixel0051" x="768" y="864" width="256" height="144"/>
	<SubTexture name="BF Dies pixel0052" x="1024" y="864" width="256" height="144"/>
	<SubTexture name="BF Dies pixel0053" x="1280" y="864" width="256" height="144"/>
	<SubTexture name="BF Dies pixel0054" x="1536" y="864" width="256" height="144"/>
	<SubTexture name="BF Dies pixel0055" x="1792" y="864" width="256" height="144"/>
	<SubTexture name="BF Dies pixel0056" x="0" y="1008" width="256" height="144"/>
	<SubTexture name="BF Dies pixel0057" x="256" y="1008" width="256" height="144"/>
	<SubTexture name="RETRY CONFIRM0000" x="1536" y="1008" width="256" height="144"/>
	<SubTexture name="RETRY CONFIRM0001" x="1792" y="1008" width="256" height="144"/>
	<SubTexture name="RETRY CONFIRM0002" x="0" y="1152" width="256" height="144"/>
	<SubTexture name="RETRY CONFIRM0003" x="256" y="1152" width="256" height="144"/>
	<SubTexture name="RETRY CONFIRM0004" x="512" y="1152" width="256" height="144"/>
	<SubTexture name="RETRY CONFIRM0005" x="768" y="1152" width="256" height="144"/>
	<SubTexture name="RETRY CONFIRM0006" x="1024" y="1152" width="256" height="144"/>
	<SubTexture name="RETRY CONFIRM0007" x="1280" y="1152" width="256" height="144"/>
	<SubTexture name="RETRY CONFIRM0008" x="1536" y="1152" width="256" height="144"/>
	<SubTexture name="RETRY CONFIRM0009" x="1792" y="1152" width="256" height="144"/>
	<SubTexture name="RETRY CONFIRM0010" x="0" y="1296" width="256" height="144"/>
	<SubTexture name="RETRY CONFIRM0011" x="256" y="1296" width="256" height="144"/>
	<SubTexture name="RETRY CONFIRM0012" x="512" y="1296" width="256" height="144"/>
	<SubTexture name="RETRY CONFIRM0013" x="768" y="1296" width="256" height="144"/>
	<SubTexture name="RETRY CONFIRM0014" x="1024" y="1296" width="256" height="144"/>
	<SubTexture name="RETRY CONFIRM0015" x="1280" y="1296" width="256" height="144"/>
	<SubTexture name="RETRY CONFIRM0016" x="1536" y="1296" width="256" height="144"/>
	<SubTexture name="RETRY CONFIRM0017" x="1792" y="1296" width="256" height="144"/>
	<SubTexture name="RETRY CONFIRM0018" x="0" y="1440" width="256" height="144"/>
	<SubTexture name="RETRY CONFIRM0019" x="256" y="1440" width="256" height="144"/>
	<SubTexture name="RETRY CONFIRM0020" x="512" y="1440" width="256" height="144"/>
	<SubTexture name="RETRY CONFIRM0021" x="768" y="1440" width="256" height="144"/>
	<SubTexture name="RETRY CONFIRM0022" x="1024" y="1440" width="256" height="144"/>
	<SubTexture name="RETRY CONFIRM0023" x="1280" y="1440" width="256" height="144"/>
	<SubTexture name="RETRY CONFIRM0024" x="1536" y="1440" width="256" height="144"/>
	<SubTexture name="RETRY CONFIRM0025" x="1792" y="1440" width="256" height="144"/>
	<SubTexture name="RETRY CONFIRM0026" x="0" y="1584" width="256" height="144"/>
	<SubTexture name="RETRY CONFIRM0027" x="256" y="1584" width="256" height="144"/>
	<SubTexture name="RETRY CONFIRM0028" x="512" y="1584" width="256" height="144"/>
	<SubTexture name="RETRY CONFIRM0029" x="768" y="1584" width="256" height="144"/>
	<SubTexture name="RETRY CONFIRM0030" x="1024" y="1584" width="256" height="144"/>
	<SubTexture name="RETRY CONFIRM0031" x="1280" y="1584" width="256" height="144"/>
	<SubTexture name="RETRY CONFIRM0032" x="1536" y="1584" width="256" height="144"/>
	<SubTexture name="RETRY CONFIRM0033" x="1792" y="1584" width="256" height="144"/>
	<SubTexture name="Retry Loop0000" x="512" y="1008" width="256" height="144"/>
	<SubTexture name="Retry Loop0001" x="768" y="1008" width="256" height="144"/>
	<SubTexture name="Retry Loop0002" x="768" y="1008" width="256" height="144"/>
	<SubTexture name="Retry Loop0003" x="1024" y="1008" width="256" height="144"/>
	<SubTexture name="Retry Loop0004" x="1024" y="1008" width="256" height="144"/>
	<SubTexture name="Retry Loop0005" x="1280" y="1008" width="256" height="144"/>
	<SubTexture name="Retry Loop0006" x="1280" y="1008" width="256" height="144"/>
	<SubTexture name="Retry Loop0007" x="1280" y="1008" width="256" height="144"/>
	<SubTexture name="Retry Loop0008" x="1280" y="1008" width="256" height="144"/>
	<SubTexture name="Retry Loop0009" x="1280" y="1008" width="256" height="144"/>
	<SubTexture name="Retry Loop0010" x="1280" y="1008" width="256" height="144"/>
	<SubTexture name="Retry Loop0011" x="1280" y="1008" width="256" height="144"/>
	<SubTexture name="Retry Loop0012" x="1280" y="1008" width="256" height="144"/>
	<SubTexture name="Retry Loop0013" x="1280" y="1008" width="256" height="144"/>
	<SubTexture name="Retry Loop0014" x="1280" y="1008" width="256" height="144"/>
	<SubTexture name="Retry Loop0015" x="1280" y="1008" width="256" height="144"/>
	<SubTexture name="Retry Loop0016" x="1280" y="1008" width="256" height="144"/>
	<SubTexture name="Retry Loop0017" x="512" y="1008" width="256" height="144"/>
	<SubTexture name="Retry Loop0018" x="768" y="1008" width="256" height="144"/>
	<SubTexture name="Retry Loop0019" x="768" y="1008" width="256" height="144"/>
	<SubTexture name="Retry Loop0020" x="1024" y="1008" width="256" height="144"/>
	<SubTexture name="Retry Loop0021" x="1024" y="1008" width="256" height="144"/>
	<SubTexture name="Retry Loop0022" x="1280" y="1008" width="256" height="144"/>
	<SubTexture name="Retry Loop0023" x="1280" y="1008" width="256" height="144"/>
	<SubTexture name="Retry Loop0024" x="1280" y="1008" width="256" height="144"/>
	<SubTexture name="Retry Loop0025" x="1280" y="1008" width="256" height="144"/>
	<SubTexture name="Retry Loop0026" x="1280" y="1008" width="256" height="144"/>
	<SubTexture name="Retry Loop0027" x="1280" y="1008" width="256" height="144"/>
	<SubTexture name="Retry Loop0028" x="1280" y="1008" width="256" height="144"/>
	<SubTexture name="Retry Loop0029" x="1280" y="1008" width="256" height="144"/>
	<SubTexture name="Retry Loop0030" x="1280" y="1008" width="256" height="144"/>
	<SubTexture name="Retry Loop0031" x="1280" y="1008" width="256" height="144"/>
	<SubTexture name="Retry Loop0032" x="1280" y="1008" width="256" height="144"/>
	<SubTexture name="Retry Loop0033" x="1280" y="1008" width="256" height="144"/>
</TextureAtlas>
