﻿<?xml version="1.0" encoding="utf-8"?>
<TextureAtlas imagePath="gfPixel.png">
	<!-- Created with Adobe Animate version 20.0.0.17400 -->
	<!-- http://www.adobe.com/products/animate.html -->
	<SubTexture name="GF IDLE0000" x="0" y="0" width="154" height="106" frameX="0" frameY="30" frameWidth="154" frameHeight="106"/>
	<SubTexture name="GF IDLE0001" x="0" y="0" width="154" height="106" frameX="0" frameY="30" frameWidth="154" frameHeight="106"/>s
	<SubTexture name="GF IDLE0002" x="154" y="0" width="154" height="106" frameX="0" frameY="30" frameWidth="154" frameHeight="106"/>
	<SubTexture name="GF IDLE0003" x="154" y="0" width="154" height="106" frameX="0" frameY="30" frameWidth="154" frameHeight="106"/>
	<SubTexture name="GF IDLE0004" x="154" y="0" width="154" height="106" frameX="0" frameY="30" frameWidth="154" frameHeight="106"/>
	<SubTexture name="GF IDLE0005" x="308" y="0" width="154" height="106" frameX="0" frameY="30" frameWidth="154" frameHeight="106"/>
	<SubTexture name="GF IDLE0006" x="308" y="0" width="154" height="106" frameX="0" frameY="30" frameWidth="154" frameHeight="106"/>
	<SubTexture name="GF IDLE0007" x="308" y="0" width="154" height="106" frameX="0" frameY="30" frameWidth="154" frameHeight="106"/>
	<SubTexture name="GF IDLE0008" x="308" y="0" width="154" height="106" frameX="0" frameY="30" frameWidth="154" frameHeight="106"/>
	<SubTexture name="GF IDLE0009" x="462" y="0" width="154" height="106" frameX="0" frameY="30" frameWidth="154" frameHeight="106"/>
	<SubTexture name="GF IDLE0010" x="462" y="0" width="154" height="106" frameX="0" frameY="30" frameWidth="154" frameHeight="106"/>
	<SubTexture name="GF IDLE0011" x="462" y="0" width="154" height="106" frameX="0" frameY="30" frameWidth="154" frameHeight="106"/>
	<SubTexture name="GF IDLE0012" x="462" y="0" width="154" height="106" frameX="0" frameY="30" frameWidth="154" frameHeight="106"/>
	<SubTexture name="GF IDLE0013" x="0" y="106" width="154" height="106" frameX="0" frameY="30" frameWidth="154" frameHeight="106"/>
	<SubTexture name="GF IDLE0014" x="0" y="106" width="154" height="106" frameX="0" frameY="30" frameWidth="154" frameHeight="106"/>
	<SubTexture name="GF IDLE0015" x="154" y="106" width="154" height="106" frameX="0" frameY="30" frameWidth="154" frameHeight="106"/>
	<SubTexture name="GF IDLE0016" x="154" y="106" width="154" height="106" frameX="0" frameY="30" frameWidth="154" frameHeight="106"/>
	<SubTexture name="GF IDLE0017" x="308" y="106" width="154" height="106" frameX="0" frameY="30" frameWidth="154" frameHeight="106"/>
	<SubTexture name="GF IDLE0018" x="308" y="106" width="154" height="106" frameX="0" frameY="30" frameWidth="154" frameHeight="106"/>
	<SubTexture name="GF IDLE0019" x="308" y="106" width="154" height="106" frameX="0" frameY="30" frameWidth="154" frameHeight="106"/>
	<SubTexture name="GF IDLE0020" x="462" y="106" width="154" height="106" frameX="0" frameY="30" frameWidth="154" frameHeight="106"/>
	<SubTexture name="GF IDLE0021" x="462" y="106" width="154" height="106" frameX="0" frameY="30" frameWidth="154" frameHeight="106"/>
	<SubTexture name="GF IDLE0022" x="462" y="106" width="154" height="106" frameX="0" frameY="30" frameWidth="154" frameHeight="106"/>
	<SubTexture name="GF IDLE0023" x="462" y="106" width="154" height="106" frameX="0" frameY="30" frameWidth="154" frameHeight="106"/>
	<SubTexture name="GF IDLE0024" x="462" y="106" width="154" height="106" frameX="0" frameY="30" frameWidth="154" frameHeight="106"/>
	<SubTexture name="GF IDLE0025" x="0" y="212" width="154" height="106" frameX="0" frameY="30" frameWidth="154" frameHeight="106"/>
	<SubTexture name="GF IDLE0026" x="0" y="212" width="154" height="106" frameX="0" frameY="30" frameWidth="154" frameHeight="106"/>
	<SubTexture name="GF IDLE0027" x="0" y="212" width="154" height="106" frameX="0" frameY="30" frameWidth="154" frameHeight="106"/>
	<SubTexture name="GF IDLE0028" x="0" y="212" width="154" height="106" frameX="0" frameY="30" frameWidth="154" frameHeight="106"/>
	<SubTexture name="GF IDLE0029" x="0" y="212" width="154" height="106" frameX="0" frameY="30" frameWidth="154" frameHeight="106"/>
</TextureAtlas>
