{"song":{"player1":"bf-pixel","sectionLengths":[],"notes":[{"lengthInSteps":16,"sectionNotes":[],"typeOfSection":0,"altAnim":false,"mustHitSection":false,"changeBPM":false,"bpm":150},{"lengthInSteps":16,"sectionNotes":[],"typeOfSection":0,"altAnim":false,"mustHitSection":false,"changeBPM":false,"bpm":150},{"lengthInSteps":16,"sectionNotes":[],"typeOfSection":0,"altAnim":false,"mustHitSection":false,"changeBPM":false,"bpm":190},{"lengthInSteps":16,"sectionNotes":[],"typeOfSection":0,"altAnim":false,"mustHitSection":false,"changeBPM":false,"bpm":190},{"lengthInSteps":16,"sectionNotes":[],"typeOfSection":0,"altAnim":false,"mustHitSection":true,"changeBPM":false,"bpm":190},{"lengthInSteps":16,"sectionNotes":[],"typeOfSection":0,"altAnim":false,"mustHitSection":true,"changeBPM":false,"bpm":190},{"lengthInSteps":16,"sectionNotes":[],"typeOfSection":0,"altAnim":false,"mustHitSection":true,"changeBPM":false,"bpm":190},{"lengthInSteps":16,"sectionNotes":[],"typeOfSection":0,"altAnim":false,"mustHitSection":true,"changeBPM":false,"bpm":190},{"lengthInSteps":16,"sectionNotes":[[12000,0,0],[12750,0,0],[13312.5,0,0],[13125,2,0],[12562.5,0,0],[12375,2,0]],"typeOfSection":0,"altAnim":false,"mustHitSection":false,"changeBPM":false,"bpm":190},{"lengthInSteps":16,"sectionNotes":[[13500,0,0],[13875,0,0],[14062.5,3,0],[14250,0,0],[14625,0,0],[14812.5,3,0]],"typeOfSection":0,"altAnim":false,"mustHitSection":false,"changeBPM":false,"bpm":190},{"lengthInSteps":16,"sectionNotes":[[15000,0,0],[15562.5,0,0],[15750,0,0],[16312.5,0,0],[15375,2,0],[16125,2,0]],"typeOfSection":0,"altAnim":false,"mustHitSection":false,"changeBPM":false,"bpm":190},{"lengthInSteps":16,"sectionNotes":[[16500,0,0],[16875,0,0],[17062.5,3,0],[17812.5,2,187.5],[17531.25,0,187.5]],"typeOfSection":0,"altAnim":false,"mustHitSection":false,"changeBPM":false,"bpm":190},{"lengthInSteps":16,"sectionNotes":[[18000,0,0],[18750,0,0],[19312.5,0,0],[19125,2,0],[18562.5,0,0],[18375,2,0]],"typeOfSection":0,"altAnim":false,"mustHitSection":true,"changeBPM":false,"bpm":190},{"lengthInSteps":16,"sectionNotes":[[19500,0,0],[19875,0,0],[20062.5,3,0],[20250,0,0],[20625,0,0],[20812.5,3,0]],"typeOfSection":0,"altAnim":false,"mustHitSection":true,"changeBPM":false,"bpm":190},{"lengthInSteps":16,"sectionNotes":[[21000,0,0],[21562.5,0,0],[21750,0,0],[22312.5,0,0],[21375,2,0],[22125,2,0]],"typeOfSection":0,"altAnim":false,"mustHitSection":true,"changeBPM":false,"bpm":190},{"lengthInSteps":16,"sectionNotes":[[22500,0,0],[22875,0,0],[23062.5,3,0],[23812.5,2,187.5],[23531.25,0,187.5]],"typeOfSection":0,"altAnim":false,"mustHitSection":true,"changeBPM":false,"bpm":190},{"lengthInSteps":16,"sectionNotes":[[25125,0,0],[24000,2,0],[24187.5,1,0],[25312.5,3,0],[24562.5,2,468.75]],"typeOfSection":0,"altAnim":false,"mustHitSection":false,"changeBPM":false,"bpm":190},{"lengthInSteps":16,"sectionNotes":[[25500,1,281.25],[26812.5,0,0],[26625,0,0],[26437.5,1,0],[26156.25,2,0]],"typeOfSection":0,"altAnim":false,"mustHitSection":false,"changeBPM":false,"bpm":190},{"lengthInSteps":16,"sectionNotes":[[28125,0,0],[27000,2,0],[27187.5,1,0],[28312.5,3,0],[27562.5,2,468.75]],"typeOfSection":0,"altAnim":false,"mustHitSection":true,"changeBPM":false,"bpm":190},{"lengthInSteps":16,"sectionNotes":[[28500,1,281.25],[29812.5,0,0],[29625,0,0],[29437.5,1,0],[29156.25,2,0]],"typeOfSection":0,"altAnim":false,"mustHitSection":true,"changeBPM":false,"bpm":190},{"lengthInSteps":16,"sectionNotes":[[30000,1,0],[30750,1,0],[31312.5,0,0],[30375,2,0],[31125,2,0]],"typeOfSection":0,"altAnim":false,"mustHitSection":false,"changeBPM":false,"bpm":190},{"lengthInSteps":16,"sectionNotes":[[31500,3,0],[31875,0,0],[32250,2,0],[32625,3,0],[32812.5,2,0]],"typeOfSection":0,"altAnim":false,"mustHitSection":false,"changeBPM":false,"bpm":190},{"lengthInSteps":16,"sectionNotes":[[33000,1,0],[33750,1,0],[34312.5,0,0],[33375,2,0],[34125,2,0]],"typeOfSection":0,"altAnim":false,"mustHitSection":true,"changeBPM":false,"bpm":190},{"lengthInSteps":16,"sectionNotes":[[34500,3,0],[34875,0,0],[35250,2,0],[35625,3,0],[35812.5,2,0]],"typeOfSection":0,"altAnim":false,"mustHitSection":true,"changeBPM":false,"bpm":190},{"lengthInSteps":16,"sectionNotes":[[36000,2,140.625],[36281.25,2,140.625],[36750,0,140.625],[37031.25,0,140.625]],"typeOfSection":0,"altAnim":false,"mustHitSection":false,"changeBPM":false,"bpm":190},{"lengthInSteps":16,"sectionNotes":[[37500,3,140.625],[37781.25,3,140.625],[38250,2,0],[38625,0,0],[38812.5,3,0]],"typeOfSection":0,"altAnim":false,"mustHitSection":false,"changeBPM":false,"bpm":190},{"lengthInSteps":16,"sectionNotes":[[39000,1,140.625],[39281.25,1,140.625],[39750,0,140.625],[40031.25,0,140.625]],"typeOfSection":0,"altAnim":false,"mustHitSection":false,"changeBPM":false,"bpm":190},{"lengthInSteps":16,"sectionNotes":[[40500,2,140.625],[40781.25,2,140.625],[41250,1,0],[41625,3,0],[41812.5,0,0]],"typeOfSection":0,"altAnim":false,"mustHitSection":false,"changeBPM":false,"bpm":190},{"lengthInSteps":16,"sectionNotes":[[42000,2,140.625],[42281.25,2,140.625],[42750,0,140.625],[43031.25,0,140.625]],"typeOfSection":0,"altAnim":false,"mustHitSection":true,"changeBPM":false,"bpm":190},{"lengthInSteps":16,"sectionNotes":[[43500,3,140.625],[43781.25,3,140.625],[44250,2,0],[44625,0,0],[44812.5,3,0]],"typeOfSection":0,"altAnim":false,"mustHitSection":true,"changeBPM":false,"bpm":190},{"lengthInSteps":16,"sectionNotes":[[45000,1,140.625],[45281.25,1,140.625],[45750,0,140.625],[46031.25,0,140.625]],"typeOfSection":0,"altAnim":false,"mustHitSection":true,"changeBPM":false,"bpm":190},{"lengthInSteps":16,"sectionNotes":[[46500,2,140.625],[46781.25,2,140.625],[47250,1,0],[47625,3,0],[47812.5,0,0]],"typeOfSection":0,"altAnim":false,"mustHitSection":true,"changeBPM":false,"bpm":190},{"lengthInSteps":16,"sectionNotes":[[48000,1,0],[48375,1,0],[48750,1,0],[49125,1,0],[49312.5,2,0]],"typeOfSection":0,"altAnim":false,"mustHitSection":false,"changeBPM":false,"bpm":190},{"lengthInSteps":16,"sectionNotes":[[49500,3,0],[49875,3,0],[50250,3,0],[50625,3,0],[50812.5,0,0]],"typeOfSection":0,"altAnim":false,"mustHitSection":false,"changeBPM":false,"bpm":190},{"lengthInSteps":16,"sectionNotes":[[51000,1,0],[51375,1,0],[51750,1,0],[52125,1,0],[52312.5,0,0]],"typeOfSection":0,"altAnim":false,"mustHitSection":false,"changeBPM":false,"bpm":190},{"lengthInSteps":16,"sectionNotes":[[52500,2,0],[52875,1,0],[53062.5,0,0],[53812.5,0,0],[53625,1,0],[53250,2,0]],"typeOfSection":0,"altAnim":false,"mustHitSection":false,"changeBPM":false,"bpm":190},{"lengthInSteps":16,"sectionNotes":[[54000,1,0],[54375,1,0],[54750,1,0],[55125,1,0],[55312.5,2,0]],"typeOfSection":0,"altAnim":false,"mustHitSection":true,"changeBPM":false,"bpm":190},{"lengthInSteps":16,"sectionNotes":[[55500,3,0],[55875,3,0],[56250,3,0],[56625,3,0],[56812.5,0,0]],"typeOfSection":0,"altAnim":false,"mustHitSection":true,"changeBPM":false,"bpm":190},{"lengthInSteps":16,"sectionNotes":[[57000,1,0],[57375,1,0],[57750,1,0],[58125,1,0],[58312.5,0,0]],"typeOfSection":0,"altAnim":false,"mustHitSection":true,"changeBPM":false,"bpm":190},{"lengthInSteps":16,"sectionNotes":[[58500,2,0],[58875,1,0],[59062.5,0,0],[59812.5,0,0],[59625,1,0],[59250,2,0]],"typeOfSection":0,"altAnim":false,"mustHitSection":true,"changeBPM":false,"bpm":190},{"lengthInSteps":16,"sectionNotes":[],"typeOfSection":0,"altAnim":false,"mustHitSection":false,"changeBPM":false,"bpm":190},{"lengthInSteps":16,"sectionNotes":[],"typeOfSection":0,"altAnim":false,"mustHitSection":false,"changeBPM":false,"bpm":190},{"lengthInSteps":16,"sectionNotes":[],"typeOfSection":0,"altAnim":false,"mustHitSection":false,"changeBPM":false,"bpm":190},{"lengthInSteps":16,"sectionNotes":[],"typeOfSection":0,"altAnim":false,"mustHitSection":false,"changeBPM":false,"bpm":190},{"lengthInSteps":16,"sectionNotes":[],"typeOfSection":0,"altAnim":false,"mustHitSection":true,"changeBPM":false,"bpm":190},{"lengthInSteps":16,"sectionNotes":[],"typeOfSection":0,"altAnim":false,"mustHitSection":true,"changeBPM":false,"bpm":190},{"lengthInSteps":16,"sectionNotes":[],"typeOfSection":0,"altAnim":false,"mustHitSection":true,"changeBPM":false,"bpm":190},{"lengthInSteps":16,"sectionNotes":[],"typeOfSection":0,"altAnim":false,"mustHitSection":true,"changeBPM":false,"bpm":190},{"lengthInSteps":16,"sectionNotes":[[72000,0,0],[72375,2,0],[72562.5,0,0],[72750,0,0],[73125,2,0],[73312.5,0,0]],"typeOfSection":0,"altAnim":false,"mustHitSection":false,"changeBPM":false,"bpm":190},{"lengthInSteps":16,"sectionNotes":[[73500,0,0],[73875,0,0],[74062.5,3,0],[74250,0,0],[74625,0,0],[74812.5,3,0]],"typeOfSection":0,"altAnim":false,"mustHitSection":false,"changeBPM":false,"bpm":190},{"lengthInSteps":16,"sectionNotes":[[75000,0,0],[75375,2,0],[75562.5,0,0],[75750,0,0],[76125,2,0],[76312.5,0,0]],"typeOfSection":0,"altAnim":false,"mustHitSection":false,"changeBPM":false,"bpm":190},{"lengthInSteps":16,"sectionNotes":[[77906.25,2,0],[77718.75,2,0],[76500,0,0],[76875,0,0],[77062.5,3,0],[77250,0,0]],"typeOfSection":0,"altAnim":false,"mustHitSection":false,"changeBPM":false,"bpm":190},{"lengthInSteps":16,"sectionNotes":[[78000,0,0],[78375,2,0],[78562.5,0,0],[78750,0,0],[79125,2,0],[79312.5,0,0]],"typeOfSection":0,"altAnim":false,"mustHitSection":true,"changeBPM":false,"bpm":190},{"lengthInSteps":16,"sectionNotes":[[79500,0,0],[79875,0,0],[80062.5,3,0],[80250,0,0],[80625,0,0],[80812.5,3,0]],"typeOfSection":0,"altAnim":false,"mustHitSection":true,"changeBPM":false,"bpm":190},{"lengthInSteps":16,"sectionNotes":[[81000,0,0],[81375,2,0],[81562.5,0,0],[81750,0,0],[82125,2,0],[82312.5,0,0]],"typeOfSection":0,"altAnim":false,"mustHitSection":true,"changeBPM":false,"bpm":190},{"lengthInSteps":16,"sectionNotes":[[83906.25,2,0],[83718.75,2,0],[82500,0,0],[82875,0,0],[83062.5,3,0],[83250,0,0]],"typeOfSection":0,"altAnim":false,"mustHitSection":true,"changeBPM":false,"bpm":190},{"lengthInSteps":16,"sectionNotes":[[84000,3,0],[84281.25,3,0],[84562.5,3,0],[84843.75,3,0],[85125,3,0],[85406.25,3,0]],"typeOfSection":0,"altAnim":false,"mustHitSection":false,"changeBPM":false,"bpm":190},{"lengthInSteps":16,"sectionNotes":[[85687.5,2,0],[85968.75,2,0],[86250,2,0],[86531.25,2,0],[86812.5,2,0]],"typeOfSection":0,"altAnim":false,"mustHitSection":false,"changeBPM":false,"bpm":190},{"lengthInSteps":16,"sectionNotes":[[87000,0,0],[87281.25,0,0],[87562.5,0,0],[87843.75,0,0],[88125,0,0],[88406.25,0,0]],"typeOfSection":0,"altAnim":false,"mustHitSection":false,"changeBPM":false,"bpm":190},{"lengthInSteps":16,"sectionNotes":[[88500,3,0],[88687.5,0,0],[88875,2,0],[89250,0,0],[89531.25,0,0],[89812.5,3,0],[89906.25,0,0]],"typeOfSection":0,"altAnim":false,"mustHitSection":false,"changeBPM":false,"bpm":190},{"lengthInSteps":16,"sectionNotes":[[90000,3,0],[90281.25,3,0],[90562.5,3,0],[90843.75,3,0],[91125,3,0],[91406.25,3,0]],"typeOfSection":0,"altAnim":false,"mustHitSection":true,"changeBPM":false,"bpm":190},{"lengthInSteps":16,"sectionNotes":[[91687.5,2,0],[91968.75,2,0],[92250,2,0],[92531.25,2,0],[92812.5,2,0]],"typeOfSection":0,"altAnim":false,"mustHitSection":true,"changeBPM":false,"bpm":190},{"lengthInSteps":16,"sectionNotes":[[93000,0,0],[93281.25,0,0],[93562.5,0,0],[93843.75,0,0],[94125,0,0],[94406.25,0,0]],"typeOfSection":0,"altAnim":false,"mustHitSection":true,"changeBPM":false,"bpm":190},{"lengthInSteps":16,"sectionNotes":[[94500,3,0],[94687.5,0,0],[94875,2,0],[95250,0,0],[95531.25,0,0],[95812.5,3,0],[95906.25,0,0]],"typeOfSection":0,"altAnim":false,"mustHitSection":true,"changeBPM":false,"bpm":190},{"lengthInSteps":16,"sectionNotes":[[96000,1,0],[96375,0,0],[96562.5,1,0],[96750,2,0],[97125,1,0],[97312.5,2,0]],"typeOfSection":0,"altAnim":false,"mustHitSection":false,"changeBPM":false,"bpm":190},{"lengthInSteps":16,"sectionNotes":[[97500,0,0],[97687.5,3,0],[97875,0,0],[98062.5,3,0],[98250,0,0],[98437.5,3,0],[98625,0,0],[98812.5,3,0]],"typeOfSection":0,"altAnim":false,"mustHitSection":false,"changeBPM":false,"bpm":190},{"lengthInSteps":16,"sectionNotes":[[99000,1,0],[99281.25,1,0],[99375,3,0],[99656.25,3,0],[99750,2,0],[100031.25,2,0],[100125,0,0],[100406.25,0,0]],"typeOfSection":0,"altAnim":false,"mustHitSection":false,"changeBPM":false,"bpm":190},{"lengthInSteps":16,"sectionNotes":[[100500,1,0],[100781.25,1,0],[100875,3,0],[101156.25,3,0],[101250,2,656.25]],"typeOfSection":0,"altAnim":false,"mustHitSection":false,"changeBPM":false,"bpm":190},{"lengthInSteps":16,"sectionNotes":[[102000,1,0],[102375,0,0],[102562.5,1,0],[102750,2,0],[103125,1,0],[103312.5,2,0]],"typeOfSection":0,"altAnim":false,"mustHitSection":true,"changeBPM":false,"bpm":190},{"lengthInSteps":16,"sectionNotes":[[103500,0,0],[103687.5,3,0],[103875,0,0],[104062.5,3,0],[104250,0,0],[104437.5,3,0],[104625,0,0],[104812.5,3,0]],"typeOfSection":0,"altAnim":false,"mustHitSection":true,"changeBPM":false,"bpm":190},{"lengthInSteps":16,"sectionNotes":[[105000,1,0],[105281.25,1,0],[105375,3,0],[105656.25,3,0],[105750,2,0],[106031.25,2,0],[106125,0,0],[106406.25,0,0]],"typeOfSection":0,"altAnim":false,"mustHitSection":true,"changeBPM":false,"bpm":190},{"lengthInSteps":16,"sectionNotes":[[106500,1,0],[106781.25,1,0],[106875,3,0],[107156.25,3,0],[107250,2,656.25]],"typeOfSection":0,"altAnim":false,"mustHitSection":true,"changeBPM":false,"bpm":190},{"lengthInSteps":16,"sectionNotes":[],"typeOfSection":0,"altAnim":false,"mustHitSection":false,"changeBPM":false,"bpm":190},{"lengthInSteps":16,"sectionNotes":[],"typeOfSection":0,"altAnim":false,"mustHitSection":false,"changeBPM":false,"bpm":190},{"lengthInSteps":16,"sectionNotes":[],"typeOfSection":0,"altAnim":false,"mustHitSection":false,"changeBPM":false,"bpm":190},{"lengthInSteps":16,"sectionNotes":[],"typeOfSection":0,"altAnim":false,"mustHitSection":false,"changeBPM":false,"bpm":190},{"lengthInSteps":16,"sectionNotes":[],"typeOfSection":0,"altAnim":false,"mustHitSection":true,"changeBPM":false,"bpm":190},{"lengthInSteps":16,"sectionNotes":[],"typeOfSection":0,"altAnim":false,"mustHitSection":true,"changeBPM":false,"bpm":190},{"lengthInSteps":16,"sectionNotes":[],"typeOfSection":0,"altAnim":false,"mustHitSection":true,"changeBPM":false,"bpm":190},{"lengthInSteps":16,"sectionNotes":[],"typeOfSection":0,"altAnim":false,"mustHitSection":false,"changeBPM":false,"bpm":190},{"lengthInSteps":16,"sectionNotes":[],"typeOfSection":0,"altAnim":false,"mustHitSection":false,"changeBPM":false,"bpm":190},{"sectionNotes":[],"typeOfSection":0,"lengthInSteps":16,"altAnim":false,"mustHitSection":false,"changeBPM":false,"bpm":190},{"lengthInSteps":16,"typeOfSection":0,"sectionNotes":[],"altAnim":false,"bpm":160,"changeBPM":false,"mustHitSection":false},{"lengthInSteps":16,"typeOfSection":0,"sectionNotes":[],"altAnim":false,"bpm":160,"changeBPM":false,"mustHitSection":true},{"lengthInSteps":16,"typeOfSection":0,"sectionNotes":[],"altAnim":false,"bpm":160,"changeBPM":false,"mustHitSection":true},{"lengthInSteps":16,"typeOfSection":0,"sectionNotes":[],"altAnim":false,"bpm":160,"changeBPM":false,"mustHitSection":true},{"sectionNotes":[],"typeOfSection":0,"lengthInSteps":16,"altAnim":false,"mustHitSection":true,"changeBPM":false,"bpm":160},{"sectionNotes":[],"typeOfSection":0,"lengthInSteps":16,"altAnim":false,"mustHitSection":true,"changeBPM":false,"bpm":160},{"sectionNotes":[],"typeOfSection":0,"lengthInSteps":16,"altAnim":false,"mustHitSection":true,"changeBPM":false,"bpm":160},{"sectionNotes":[],"typeOfSection":0,"lengthInSteps":16,"altAnim":false,"mustHitSection":true,"changeBPM":false,"bpm":160},{"lengthInSteps":16,"typeOfSection":0,"sectionNotes":[],"altAnim":false,"bpm":160,"changeBPM":false,"mustHitSection":true},{"lengthInSteps":16,"typeOfSection":0,"sectionNotes":[],"altAnim":false,"bpm":160,"changeBPM":false,"mustHitSection":true},{"lengthInSteps":16,"typeOfSection":0,"sectionNotes":[],"altAnim":false,"bpm":160,"changeBPM":false,"mustHitSection":true},{"sectionNotes":[],"typeOfSection":0,"lengthInSteps":16,"altAnim":false,"mustHitSection":true,"changeBPM":false,"bpm":160},{"lengthInSteps":16,"altAnim":false,"typeOfSection":0,"sectionNotes":[],"bpm":160,"changeBPM":false,"mustHitSection":true},{"lengthInSteps":16,"altAnim":false,"typeOfSection":0,"sectionNotes":[],"bpm":160,"changeBPM":false,"mustHitSection":true},{"lengthInSteps":16,"altAnim":false,"typeOfSection":0,"sectionNotes":[],"bpm":160,"changeBPM":false,"mustHitSection":true},{"lengthInSteps":16,"altAnim":false,"typeOfSection":0,"sectionNotes":[],"bpm":160,"changeBPM":false,"mustHitSection":true},{"lengthInSteps":16,"altAnim":false,"typeOfSection":0,"sectionNotes":[],"bpm":160,"changeBPM":false,"mustHitSection":true},{"lengthInSteps":16,"altAnim":false,"typeOfSection":0,"sectionNotes":[],"bpm":160,"changeBPM":false,"mustHitSection":true},{"lengthInSteps":16,"altAnim":false,"typeOfSection":0,"sectionNotes":[],"bpm":160,"changeBPM":false,"mustHitSection":true},{"lengthInSteps":16,"altAnim":false,"typeOfSection":0,"sectionNotes":[],"bpm":160,"changeBPM":false,"mustHitSection":true}],"player2":"spirit","song":"Thorns","validScore":true,"sections":0,"needsVoices":true,"bpm":160,"speed":1.5}}