{"song":{"sectionLengths":[],"player1":"bf-pixel","player2":"spirit","notes":[{"typeOfSection":0,"sectionNotes":[],"lengthInSteps":16,"altAnim":false,"bpm":150,"changeBPM":false,"mustHitSection":false},{"typeOfSection":0,"sectionNotes":[],"lengthInSteps":16,"altAnim":false,"bpm":150,"changeBPM":false,"mustHitSection":false},{"typeOfSection":0,"sectionNotes":[],"lengthInSteps":16,"altAnim":false,"bpm":190,"changeBPM":false,"mustHitSection":false},{"typeOfSection":0,"sectionNotes":[],"lengthInSteps":16,"altAnim":false,"bpm":190,"changeBPM":false,"mustHitSection":false},{"typeOfSection":0,"sectionNotes":[],"lengthInSteps":16,"altAnim":false,"bpm":190,"changeBPM":false,"mustHitSection":true},{"typeOfSection":0,"sectionNotes":[],"lengthInSteps":16,"altAnim":false,"bpm":190,"changeBPM":false,"mustHitSection":true},{"typeOfSection":0,"sectionNotes":[],"lengthInSteps":16,"altAnim":false,"bpm":190,"changeBPM":false,"mustHitSection":true},{"typeOfSection":0,"sectionNotes":[],"lengthInSteps":16,"altAnim":false,"bpm":190,"changeBPM":false,"mustHitSection":true},{"typeOfSection":0,"sectionNotes":[[12000,0,0],[12750,0,0],[13125,2,0],[12375,2,0]],"lengthInSteps":16,"altAnim":false,"bpm":190,"changeBPM":false,"mustHitSection":false},{"typeOfSection":0,"sectionNotes":[[13500,0,0],[14062.5,3,0],[14250,0,0],[14812.5,3,0]],"lengthInSteps":16,"altAnim":false,"bpm":190,"changeBPM":false,"mustHitSection":false},{"typeOfSection":0,"sectionNotes":[[15000,0,0],[15750,0,0],[15375,2,0],[16125,2,0]],"lengthInSteps":16,"altAnim":false,"bpm":190,"changeBPM":false,"mustHitSection":false},{"typeOfSection":0,"sectionNotes":[[16500,0,0],[17062.5,3,0],[17812.5,2,187.5]],"lengthInSteps":16,"altAnim":false,"bpm":190,"changeBPM":false,"mustHitSection":false},{"typeOfSection":0,"sectionNotes":[[18000,0,0],[18750,0,0],[19125,2,0],[18375,2,0]],"lengthInSteps":16,"altAnim":false,"bpm":190,"changeBPM":false,"mustHitSection":true},{"typeOfSection":0,"sectionNotes":[[19500,0,0],[20062.5,3,0],[20250,0,0],[20812.5,3,0]],"lengthInSteps":16,"altAnim":false,"bpm":190,"changeBPM":false,"mustHitSection":true},{"typeOfSection":0,"sectionNotes":[[21000,0,0],[21750,0,0],[21375,2,0],[22125,2,0]],"lengthInSteps":16,"altAnim":false,"bpm":190,"changeBPM":false,"mustHitSection":true},{"typeOfSection":0,"sectionNotes":[[22500,0,0],[23062.5,3,0],[23812.5,2,187.5]],"lengthInSteps":16,"altAnim":false,"bpm":190,"changeBPM":false,"mustHitSection":true},{"typeOfSection":0,"sectionNotes":[[25125,0,0],[24000,2,0],[24562.5,2,468.75]],"lengthInSteps":16,"altAnim":false,"bpm":190,"changeBPM":false,"mustHitSection":false},{"typeOfSection":0,"sectionNotes":[[25500,1,281.25],[26812.5,0,0],[26437.5,1,0],[26156.25,2,0]],"lengthInSteps":16,"altAnim":false,"bpm":190,"changeBPM":false,"mustHitSection":false},{"typeOfSection":0,"sectionNotes":[[28125,0,0],[27000,2,0],[27562.5,2,468.75]],"lengthInSteps":16,"altAnim":false,"bpm":190,"changeBPM":false,"mustHitSection":true},{"typeOfSection":0,"sectionNotes":[[28500,1,281.25],[29812.5,0,0],[29437.5,1,0],[29156.25,2,0]],"lengthInSteps":16,"altAnim":false,"bpm":190,"changeBPM":false,"mustHitSection":true},{"typeOfSection":0,"sectionNotes":[[30000,1,0],[30750,1,0],[30375,2,0],[31125,2,0]],"lengthInSteps":16,"altAnim":false,"bpm":190,"changeBPM":false,"mustHitSection":false},{"typeOfSection":0,"sectionNotes":[[31500,3,0],[31875,0,0],[32250,2,0],[32625,3,0]],"lengthInSteps":16,"altAnim":false,"bpm":190,"changeBPM":false,"mustHitSection":false},{"typeOfSection":0,"sectionNotes":[[33000,1,0],[33750,1,0],[33375,2,0],[34125,2,0]],"lengthInSteps":16,"altAnim":false,"bpm":190,"changeBPM":false,"mustHitSection":true},{"typeOfSection":0,"sectionNotes":[[34500,3,0],[34875,0,0],[35250,2,0],[35625,3,0]],"lengthInSteps":16,"altAnim":false,"bpm":190,"changeBPM":false,"mustHitSection":true},{"typeOfSection":0,"sectionNotes":[[36000,2,140.625],[36750,0,140.625]],"lengthInSteps":16,"altAnim":false,"bpm":190,"changeBPM":false,"mustHitSection":false},{"typeOfSection":0,"sectionNotes":[[37500,3,140.625],[38250,2,0],[38625,0,0]],"lengthInSteps":16,"altAnim":false,"bpm":190,"changeBPM":false,"mustHitSection":false},{"typeOfSection":0,"sectionNotes":[[39000,1,140.625],[39750,0,140.625]],"lengthInSteps":16,"altAnim":false,"bpm":190,"changeBPM":false,"mustHitSection":false},{"typeOfSection":0,"sectionNotes":[[40500,2,140.625],[41250,1,0],[41625,3,0]],"lengthInSteps":16,"altAnim":false,"bpm":190,"changeBPM":false,"mustHitSection":false},{"typeOfSection":0,"sectionNotes":[[42000,2,140.625],[42750,0,140.625]],"lengthInSteps":16,"altAnim":false,"bpm":190,"changeBPM":false,"mustHitSection":true},{"typeOfSection":0,"sectionNotes":[[43500,3,140.625],[44250,2,0],[44625,0,0]],"lengthInSteps":16,"altAnim":false,"bpm":190,"changeBPM":false,"mustHitSection":true},{"typeOfSection":0,"sectionNotes":[[45000,1,140.625],[45750,0,140.625]],"lengthInSteps":16,"altAnim":false,"bpm":190,"changeBPM":false,"mustHitSection":true},{"typeOfSection":0,"sectionNotes":[[46500,2,140.625],[47250,1,0],[47625,3,0]],"lengthInSteps":16,"altAnim":false,"bpm":190,"changeBPM":false,"mustHitSection":true},{"typeOfSection":0,"sectionNotes":[[48000,1,0],[49312.5,2,0],[48750,1,0]],"lengthInSteps":16,"altAnim":false,"bpm":190,"changeBPM":false,"mustHitSection":false},{"typeOfSection":0,"sectionNotes":[[49500,3,0],[50250,3,0],[50812.5,0,0]],"lengthInSteps":16,"altAnim":false,"bpm":190,"changeBPM":false,"mustHitSection":false},{"typeOfSection":0,"sectionNotes":[[51000,1,0],[51750,1,0],[52312.5,0,0]],"lengthInSteps":16,"altAnim":false,"bpm":190,"changeBPM":false,"mustHitSection":false},{"typeOfSection":0,"sectionNotes":[[52500,2,0],[53062.5,0,0],[53812.5,0,0],[53250,2,0]],"lengthInSteps":16,"altAnim":false,"bpm":190,"changeBPM":false,"mustHitSection":false},{"typeOfSection":0,"sectionNotes":[[54000,1,0],[55312.5,2,0],[54750,1,0]],"lengthInSteps":16,"altAnim":false,"bpm":190,"changeBPM":false,"mustHitSection":true},{"typeOfSection":0,"sectionNotes":[[55500,3,0],[56250,3,0],[56812.5,0,0]],"lengthInSteps":16,"altAnim":false,"bpm":190,"changeBPM":false,"mustHitSection":true},{"typeOfSection":0,"sectionNotes":[[57000,1,0],[57750,1,0],[58312.5,0,0]],"lengthInSteps":16,"altAnim":false,"bpm":190,"changeBPM":false,"mustHitSection":true},{"typeOfSection":0,"sectionNotes":[[58500,2,0],[59062.5,0,0],[59812.5,0,0],[59250,2,0]],"lengthInSteps":16,"altAnim":false,"bpm":190,"changeBPM":false,"mustHitSection":true},{"typeOfSection":0,"sectionNotes":[],"lengthInSteps":16,"altAnim":false,"bpm":190,"changeBPM":false,"mustHitSection":false},{"typeOfSection":0,"sectionNotes":[],"lengthInSteps":16,"altAnim":false,"bpm":190,"changeBPM":false,"mustHitSection":false},{"typeOfSection":0,"sectionNotes":[],"lengthInSteps":16,"altAnim":false,"bpm":190,"changeBPM":false,"mustHitSection":false},{"typeOfSection":0,"sectionNotes":[],"lengthInSteps":16,"altAnim":false,"bpm":190,"changeBPM":false,"mustHitSection":false},{"typeOfSection":0,"sectionNotes":[],"lengthInSteps":16,"altAnim":false,"bpm":190,"changeBPM":false,"mustHitSection":true},{"typeOfSection":0,"sectionNotes":[],"lengthInSteps":16,"altAnim":false,"bpm":190,"changeBPM":false,"mustHitSection":true},{"typeOfSection":0,"sectionNotes":[],"lengthInSteps":16,"altAnim":false,"bpm":190,"changeBPM":false,"mustHitSection":true},{"typeOfSection":0,"sectionNotes":[],"lengthInSteps":16,"altAnim":false,"bpm":190,"changeBPM":false,"mustHitSection":true},{"typeOfSection":0,"sectionNotes":[[72000,0,0],[72375,2,0],[72750,0,0],[73125,2,0]],"lengthInSteps":16,"altAnim":false,"bpm":190,"changeBPM":false,"mustHitSection":false},{"typeOfSection":0,"sectionNotes":[[73500,0,0],[74062.5,3,0],[74250,0,0],[74812.5,3,0]],"lengthInSteps":16,"altAnim":false,"bpm":190,"changeBPM":false,"mustHitSection":false},{"typeOfSection":0,"sectionNotes":[[75000,0,0],[75375,2,0],[75750,0,0],[76125,2,0]],"lengthInSteps":16,"altAnim":false,"bpm":190,"changeBPM":false,"mustHitSection":false},{"typeOfSection":0,"sectionNotes":[[77718.75,2,0],[76500,0,0],[77062.5,3,0],[77250,0,0]],"lengthInSteps":16,"altAnim":false,"bpm":190,"changeBPM":false,"mustHitSection":false},{"typeOfSection":0,"sectionNotes":[[78000,0,0],[78375,2,0],[78750,0,0],[79125,2,0]],"lengthInSteps":16,"altAnim":false,"bpm":190,"changeBPM":false,"mustHitSection":true},{"typeOfSection":0,"sectionNotes":[[79500,0,0],[80062.5,3,0],[80250,0,0],[80812.5,3,0]],"lengthInSteps":16,"altAnim":false,"bpm":190,"changeBPM":false,"mustHitSection":true},{"typeOfSection":0,"sectionNotes":[[81000,0,0],[81375,2,0],[81750,0,0],[82125,2,0]],"lengthInSteps":16,"altAnim":false,"bpm":190,"changeBPM":false,"mustHitSection":true},{"typeOfSection":0,"sectionNotes":[[83718.75,2,0],[82500,0,0],[83062.5,3,0],[83250,0,0]],"lengthInSteps":16,"altAnim":false,"bpm":190,"changeBPM":false,"mustHitSection":true},{"typeOfSection":0,"sectionNotes":[[84000,3,0],[84562.5,3,0],[85125,3,0]],"lengthInSteps":16,"altAnim":false,"bpm":190,"changeBPM":false,"mustHitSection":false},{"typeOfSection":0,"sectionNotes":[[85687.5,2,0],[86250,2,0],[86812.5,2,0]],"lengthInSteps":16,"altAnim":false,"bpm":190,"changeBPM":false,"mustHitSection":false},{"typeOfSection":0,"sectionNotes":[[87000,0,0],[87562.5,0,0],[88125,0,0]],"lengthInSteps":16,"altAnim":false,"bpm":190,"changeBPM":false,"mustHitSection":false},{"typeOfSection":0,"sectionNotes":[[88500,3,0],[88875,2,0],[89250,0,0],[89531.25,0,0],[89906.25,0,0]],"lengthInSteps":16,"altAnim":false,"bpm":190,"changeBPM":false,"mustHitSection":false},{"typeOfSection":0,"sectionNotes":[[90000,3,0],[90562.5,3,0],[91125,3,0]],"lengthInSteps":16,"altAnim":false,"bpm":190,"changeBPM":false,"mustHitSection":true},{"typeOfSection":0,"sectionNotes":[[91687.5,2,0],[92250,2,0],[92812.5,2,0]],"lengthInSteps":16,"altAnim":false,"bpm":190,"changeBPM":false,"mustHitSection":true},{"typeOfSection":0,"sectionNotes":[[93000,0,0],[93562.5,0,0],[94125,0,0]],"lengthInSteps":16,"altAnim":false,"bpm":190,"changeBPM":false,"mustHitSection":true},{"typeOfSection":0,"sectionNotes":[[94500,3,0],[94875,2,0],[95250,0,0],[95531.25,0,0],[95906.25,0,0]],"lengthInSteps":16,"altAnim":false,"bpm":190,"changeBPM":false,"mustHitSection":true},{"typeOfSection":0,"sectionNotes":[[96000,1,0],[96375,0,0],[96750,2,0],[97312.5,2,0]],"lengthInSteps":16,"altAnim":false,"bpm":190,"changeBPM":false,"mustHitSection":false},{"typeOfSection":0,"sectionNotes":[[97500,0,0],[98625,0,0],[97875,0,0],[98250,0,0]],"lengthInSteps":16,"altAnim":false,"bpm":190,"changeBPM":false,"mustHitSection":false},{"typeOfSection":0,"sectionNotes":[[99000,1,0],[99375,3,0],[99750,2,0],[100125,0,0]],"lengthInSteps":16,"altAnim":false,"bpm":190,"changeBPM":false,"mustHitSection":false},{"typeOfSection":0,"sectionNotes":[[100500,1,0],[100875,3,0],[101250,2,656.25]],"lengthInSteps":16,"altAnim":false,"bpm":190,"changeBPM":false,"mustHitSection":false},{"typeOfSection":0,"sectionNotes":[[102000,1,0],[102375,0,0],[102750,2,0],[103312.5,2,0]],"lengthInSteps":16,"altAnim":false,"bpm":190,"changeBPM":false,"mustHitSection":true},{"typeOfSection":0,"sectionNotes":[[103500,0,0],[104625,0,0],[103875,0,0],[104250,0,0]],"lengthInSteps":16,"altAnim":false,"bpm":190,"changeBPM":false,"mustHitSection":true},{"typeOfSection":0,"sectionNotes":[[105000,1,0],[105375,3,0],[105750,2,0],[106125,0,0]],"lengthInSteps":16,"altAnim":false,"bpm":190,"changeBPM":false,"mustHitSection":true},{"typeOfSection":0,"sectionNotes":[[106500,1,0],[106875,3,0],[107250,2,656.25]],"lengthInSteps":16,"altAnim":false,"bpm":190,"changeBPM":false,"mustHitSection":true},{"typeOfSection":0,"sectionNotes":[],"lengthInSteps":16,"altAnim":false,"bpm":190,"changeBPM":false,"mustHitSection":false},{"typeOfSection":0,"sectionNotes":[],"lengthInSteps":16,"altAnim":false,"bpm":190,"changeBPM":false,"mustHitSection":false},{"typeOfSection":0,"sectionNotes":[],"lengthInSteps":16,"altAnim":false,"bpm":190,"changeBPM":false,"mustHitSection":false},{"typeOfSection":0,"sectionNotes":[],"lengthInSteps":16,"altAnim":false,"bpm":190,"changeBPM":false,"mustHitSection":false},{"typeOfSection":0,"sectionNotes":[],"lengthInSteps":16,"altAnim":false,"bpm":190,"changeBPM":false,"mustHitSection":true},{"typeOfSection":0,"sectionNotes":[],"lengthInSteps":16,"altAnim":false,"bpm":190,"changeBPM":false,"mustHitSection":true},{"typeOfSection":0,"sectionNotes":[],"lengthInSteps":16,"altAnim":false,"bpm":190,"changeBPM":false,"mustHitSection":true},{"typeOfSection":0,"sectionNotes":[],"lengthInSteps":16,"altAnim":false,"bpm":190,"changeBPM":false,"mustHitSection":false},{"typeOfSection":0,"sectionNotes":[],"lengthInSteps":16,"altAnim":false,"bpm":190,"changeBPM":false,"mustHitSection":false},{"lengthInSteps":16,"typeOfSection":0,"sectionNotes":[],"altAnim":false,"bpm":190,"changeBPM":false,"mustHitSection":false},{"sectionNotes":[],"typeOfSection":0,"lengthInSteps":16,"altAnim":false,"mustHitSection":false,"changeBPM":false,"bpm":160},{"sectionNotes":[],"typeOfSection":0,"lengthInSteps":16,"altAnim":false,"mustHitSection":true,"changeBPM":false,"bpm":160},{"sectionNotes":[],"typeOfSection":0,"lengthInSteps":16,"altAnim":false,"mustHitSection":true,"changeBPM":false,"bpm":160},{"sectionNotes":[],"typeOfSection":0,"lengthInSteps":16,"altAnim":false,"mustHitSection":true,"changeBPM":false,"bpm":160},{"lengthInSteps":16,"typeOfSection":0,"sectionNotes":[],"altAnim":false,"bpm":160,"changeBPM":false,"mustHitSection":true},{"lengthInSteps":16,"typeOfSection":0,"sectionNotes":[],"altAnim":false,"bpm":160,"changeBPM":false,"mustHitSection":true},{"lengthInSteps":16,"typeOfSection":0,"sectionNotes":[],"altAnim":false,"bpm":160,"changeBPM":false,"mustHitSection":true},{"lengthInSteps":16,"typeOfSection":0,"sectionNotes":[],"altAnim":false,"bpm":160,"changeBPM":false,"mustHitSection":true},{"sectionNotes":[],"typeOfSection":0,"lengthInSteps":16,"altAnim":false,"mustHitSection":true,"changeBPM":false,"bpm":160},{"sectionNotes":[],"typeOfSection":0,"lengthInSteps":16,"altAnim":false,"mustHitSection":true,"changeBPM":false,"bpm":160},{"sectionNotes":[],"typeOfSection":0,"lengthInSteps":16,"altAnim":false,"mustHitSection":true,"changeBPM":false,"bpm":160},{"lengthInSteps":16,"typeOfSection":0,"sectionNotes":[],"altAnim":false,"bpm":160,"changeBPM":false,"mustHitSection":true},{"sectionNotes":[],"typeOfSection":0,"lengthInSteps":16,"altAnim":false,"mustHitSection":true,"changeBPM":false,"bpm":160},{"sectionNotes":[],"typeOfSection":0,"lengthInSteps":16,"altAnim":false,"mustHitSection":true,"changeBPM":false,"bpm":160},{"sectionNotes":[],"typeOfSection":0,"lengthInSteps":16,"altAnim":false,"mustHitSection":true,"changeBPM":false,"bpm":160},{"sectionNotes":[],"typeOfSection":0,"lengthInSteps":16,"altAnim":false,"mustHitSection":true,"changeBPM":false,"bpm":160},{"sectionNotes":[],"typeOfSection":0,"lengthInSteps":16,"altAnim":false,"mustHitSection":true,"changeBPM":false,"bpm":160},{"sectionNotes":[],"typeOfSection":0,"lengthInSteps":16,"altAnim":false,"mustHitSection":true,"changeBPM":false,"bpm":160},{"sectionNotes":[],"typeOfSection":0,"lengthInSteps":16,"altAnim":false,"mustHitSection":true,"changeBPM":false,"bpm":160},{"sectionNotes":[],"typeOfSection":0,"lengthInSteps":16,"altAnim":false,"mustHitSection":true,"changeBPM":false,"bpm":160},{"lengthInSteps":16,"altAnim":false,"typeOfSection":0,"sectionNotes":[],"bpm":160,"changeBPM":false,"mustHitSection":true}],"song":"Thorns","validScore":true,"sections":0,"needsVoices":true,"speed":1.3,"bpm":160}}